chunks/096a45b60b7c4b91.js	16807
chunks/10135459fa323a9f.js	74698
chunks/1091685ecb30bf3a.js	156319
chunks/15ee6e32426b82af.js	5145
chunks/1f7dde75d3743647.js	12479
chunks/20c041c345d6727c.js	37785
chunks/4fd93823156e59e8.js	30885
chunks/6a89c96a2ab6c6ce.js	17739
chunks/6def4b9d190e6019.js	1093
chunks/74363c6a3e3ec9c3.js	13208
chunks/864c52206d29a5d2.js	36264
chunks/89f437a4c5e50f09.js	1192104
chunks/96842ea7fce549fb.js	3783
chunks/96d862ea644311ad.js	146070
chunks/99bb3b9e37ae02da.js	1770
chunks/a6dad97d9634a72d.js	112594
chunks/adcc1134a267f4ed.js	999
chunks/b56bfbf49ed29e1c.js	49009
chunks/b6d71b0eb4b19136.js	6446
chunks/c9c15f302d7096bd.js	1716
chunks/cc759f7c2413b7ff.js	224743
chunks/d003c30881240fae.js	1985
chunks/d5aa0a61b5eb9810.js	6291
chunks/d8af4c24669c4a02.js	2589
chunks/f28b1554ee4db8d7.js	44032
chunks/f8ebcc8742bb910d.js	419
chunks/turbopack-798f8728d77eaeaa.js	10233
css/60b88b798b9bd43e.css	2621
favicon.ico	25931
index.html	8088
